"SHIPFLAG","branch","docno","DOCDATE","CUSTNAME","user_lname","dg_lname","cd_code","sub_id","cd_name","ct_lname","brand","code","lname","location_code","location","SNAME","LName_unit","qty","REMARK","UNITPRICE","NETAMOUNT","dim5_code","dim5_name","delivery_status","delivery_remark","last_update"
"0","สำนักงานใหญ่","BFV6902-0153","6/2/2026","บริษัท ยะลานำรุ่ง จำกัด (ท่าสาป)","กีน","ใบสั่งซื้อในเครือ","1703345202510","","ตะแกรงเทพื้น 3.4มิลx25x25ซม. (2.0x25ม.) สีเขียว","ลวด,ตาข่าย,ตะแกรง",,"01 NK","NK เคหะภัณฑ์","15B","แผนก เหล็กเส้น","01","ม้วน","1","NKV6902-0359 เอกลัก /จัดส่ง/หาพี่บ่าว /พี่เบิร์ดค่ะ","1","1","15B","แผนก เหล็กเส้น","รับแล้ว",,"6/2/2026 08:53:53"
"0","สำนักงานใหญ่","BFV6902-0153","6/2/2026","บริษัท ยะลานำรุ่ง จำกัด (ท่าสาป)","กีน","ใบสั่งซื้อในเครือ","8851100000139","","ปูนซีเมนต์ อินทรีเพชรพลัส","ปูน","ปูนอินทรี","01 NK","NK เคหะภัณฑ์","15E","แผนก ปูน","01","ถุง","20","NKV6902-0359 เอกลัก /จัดส่ง/หาพี่บ่าว /พี่เบิร์ดค่ะ","1","20","15E","แผนก ปูน","รับแล้ว",,"6/2/2026 14:09:52"
"0","สำนักงานใหญ่","BFV6902-0154","6/2/2026","บริษัท ยะลานำรุ่ง จำกัด (ท่าสาป)","กีน","ใบสั่งซื้อในเครือ","1103F30141521","","ท่อแบน GI 3""x1.1/2""x1.3-1.4-1.5 มม. (ขาว/13.50+/-)(50เส้น/มัด)","เหล็กรูป","เหล็กรูป","01 NK","NK เคหะภัณฑ์","15C","แผนก เหล็กรูป","01","เส้น","3","NKV6902-0369 /เดอะเบส /จัดส่ง /หาแม่ตือ ค่ะ","1","3","15C","แผนก เหล็กรูป","รับแล้ว",,"6/2/2026 14:10:51"
"0","สำนักงานใหญ่","BFV6902-0156","6/2/2026","บริษัท ยะลานำรุ่ง จำกัด (ท่าสาป)","กีน","ใบสั่งซื้อในเครือ","150103SR24A10","","เหล็กเส้นกลม 9 มม SR-24 (4.99กก/โรงใหญ่ 10เมตร)  (3/8) (200-300เส้น/มัด)","เหล็กเส้นก่อสร้าง",,"01 NK","NK เคหะภัณฑ์","15B","แผนก เหล็กเส้น","01","เส้น","50","NKV6902-6364 /ณัฐธกร /จัดส่ง/หาพี่บ่าวค่ะ","1","50","15B","แผนก เหล็กเส้น","รับแล้ว",,"6/2/2026 08:54:29"
"0","สำนักงานใหญ่","BFV6902-0156","6/2/2026","บริษัท ยะลานำรุ่ง จำกัด (ท่าสาป)","กีน","ใบสั่งซื้อในเครือ","150212SD40X10","","เหล็กเส้นข้ออ้อย 12มม.SD40T พับ (10เมตร/8.88กก.)","เหล็กเส้นก่อสร้าง",,"01 NK","NK เคหะภัณฑ์","15B","แผนก เหล็กเส้น","01","เส้น","500","NKV6902-6364 /ณัฐธกร /จัดส่ง/หาพี่บ่าวค่ะ","1","500","15B","แผนก เหล็กเส้น","รับแล้ว",,"6/2/2026 08:54:19"
"0","สำนักงานใหญ่","BFV6902-0156","6/2/2026","บริษัท ยะลานำรุ่ง จำกัด (ท่าสาป)","กีน","ใบสั่งซื้อในเครือ","17014WTIXXX21","","ลวดผูกเหล็ก (2.35-2.50)    (100ขด/มัด)","ลวด,ตาข่าย,ตะแกรง",,"01 NK","NK เคหะภัณฑ์","15B","แผนก เหล็กเส้น","01","ขด","15","NKV6902-6364 /ณัฐธกร /จัดส่ง/หาพี่บ่าวค่ะ","1","15","15B","แผนก เหล็กเส้น","รับแล้ว",,"6/2/2026 08:54:08"
"0","สำนักงานใหญ่","BFV6902-0157","6/2/2026","บริษัท ยะลานำรุ่ง จำกัด (ท่าสาป)","พารูดา","ใบสั่งซื้อในเครือ","2401B0485BX12","","ท่อพีวีซี ชั้น 8.5x1/2"" บานหัว POLY (25/ส)","ท่อและอุปกรณ์ PVC",,"01 NK","NK เคหะภัณฑ์","15D","แผนก PVC","02","เส้น","50","เบิก วางขาย ท่าสาป/ดา","34.5","1725","15D","แผนก PVC","รับแล้ว",,"7/2/2026 08:54:03"
"0","สำนักงานใหญ่","BFV6902-0157","6/2/2026","บริษัท ยะลานำรุ่ง จำกัด (ท่าสาป)","พารูดา","ใบสั่งซื้อในเครือ","2401B205BXX12","","ท่อพีวีซี ชั้น 5x2"" บานหัว (10/ส)","ท่อและอุปกรณ์ PVC",,"01 NK","NK เคหะภัณฑ์","15D","แผนก PVC","02","เส้น","10","เบิก วางขาย ท่าสาป/ดา","98","980","15D","แผนก PVC","รับแล้ว",,"7/2/2026 08:54:03"
"0","สำนักงานใหญ่","BFV6902-0157","6/2/2026","บริษัท ยะลานำรุ่ง จำกัด (ท่าสาป)","พารูดา","ใบสั่งซื้อในเครือ","2401B2085BX12","","ท่อพีวีซี ชั้น 8.5x2"" บานหัว (10/ส)","ท่อและอุปกรณ์ PVC",,"01 NK","NK เคหะภัณฑ์","15D","แผนก PVC","02","เส้น","10","เบิก วางขาย ท่าสาป/ดา","147","1470","15D","แผนก PVC","รับแล้ว",,"7/2/2026 08:54:03"
"0","สำนักงานใหญ่","BFV6902-0157","6/2/2026","บริษัท ยะลานำรุ่ง จำกัด (ท่าสาป)","พารูดา","ใบสั่งซื้อในเครือ","8851100000016","","ปูนซีเมนต์ อินทรีแดง","ปูน","ปูนอินทรี","01 NK","NK เคหะภัณฑ์","15E","แผนก ปูน","02","ถุง","65","เบิก วางขาย ท่าสาป/ดา","139","9035","15E","แผนก ปูน","รับแล้ว",,"7/2/2026 08:54:03"
"0","สำนักงานใหญ่","BFV6902-0157","6/2/2026","บริษัท ยะลานำรุ่ง จำกัด (ท่าสาป)","พารูดา","ใบสั่งซื้อในเครือ","8851100000139","","ปูนซีเมนต์ อินทรีเพชรพลัส","ปูน","ปูนอินทรี","01 NK","NK เคหะภัณฑ์","15E","แผนก ปูน","02","ถุง","80","เบิก วางขาย ท่าสาป/ดา","168.5","13480","15E","แผนก ปูน","รับแล้ว",,"7/2/2026 09:00:04"
"0","สำนักงานใหญ่","BFV6902-0160","6/2/2026","บริษัท ยะลานำรุ่ง จำกัด (ท่าสาป)","ปลา","ใบสั่งซื้อในเครือ","8851100000078","","ปูนซีเมนต์ อินทรีทอง","ปูน","ปูนอินทรี","01 NK","NK เคหะภัณฑ์","15E","แผนก ปูน","01","ถุง","30","HKV6902-0771/จดส่ง/หา....กิ๊ง","1","30","15E","แผนก ปูน",,,"6/2/2026 09:13:25"
"0","สำนักงานใหญ่","BFV6902-0161","6/2/2026","บริษัท ยะลานำรุ่ง จำกัด (ท่าสาป)","ปลา","ใบสั่งซื้อในเครือ","170342020XX11","","ตะแกรงเทพื้น 4มิลx20x20ซม. (2.0x25ม.)","ลวด,ตาข่าย,ตะแกรง",,"01 NK","NK เคหะภัณฑ์","15B","แผนก เหล็กเส้น","01","ม้วน","1","NKV6902-0373/จัดส่ง/หา..พี่บ่าว","0","0","15B","แผนก เหล็กเส้น","รับแล้ว",,"6/2/2026 14:03:15"
"0","สำนักงานใหญ่","BFV6902-0162","6/2/2026","บริษัท ยะลานำรุ่ง จำกัด (ท่าสาป)","กีน","ใบสั่งซื้อในเครือ","1103F20101821","","ท่อแบน GI 2""x1""x1.5-1.6 มม. (ส้ม)  (10.20+/-)","เหล็กรูป",,"01 NK","NK เคหะภัณฑ์","15C","แผนก เหล็กรูป","01","เส้น","2","NKV6902-0374 ซีเอ็น /รับเอง/หาพี่ต้น ค่ะ","1","2","15C","แผนก เหล็กรูป","รับแล้ว",,"6/2/2026 14:14:42"
"0","สำนักงานใหญ่","BFV6902-0162","6/2/2026","บริษัท ยะลานำรุ่ง จำกัด (ท่าสาป)","กีน","ใบสั่งซื้อในเครือ","1103I2018XX20","","ท่อเหลี่ยม GI 2""x1.7-1.8 มม. (ส้ม) ) (14.90+/-)","เหล็กรูป",,"01 NK","NK เคหะภัณฑ์","15C","แผนก เหล็กรูป","01","เส้น","2","NKV6902-0374 ซีเอ็น /รับเอง/หาพี่ต้น ค่ะ","1","2","15C","แผนก เหล็กรูป","รับแล้ว",,"6/2/2026 14:14:43"
"0","สำนักงานใหญ่","BFV6902-0162","6/2/2026","บริษัท ยะลานำรุ่ง จำกัด (ท่าสาป)","กีน","ใบสั่งซื้อในเครือ","1201I09201211","","เหล็กแผ่น 90x200 1.2มม. แผ่นเท่าประตู","เหล็กแผ่น",,"01 NK","NK เคหะภัณฑ์","15C","แผนก เหล็กรูป","01","แผ่น","1","NKV6902-0374 ซีเอ็น /รับเอง/หาพี่ต้น ค่ะ","1","1","15C","แผนก เหล็กรูป","รับแล้ว",,"6/2/2026 14:14:44"
"0","สำนักงานใหญ่","BFV6902-0162","6/2/2026","บริษัท ยะลานำรุ่ง จำกัด (ท่าสาป)","กีน","ใบสั่งซื้อในเครือ","1201I4040XX10","","เหล็กแผ่นตัด 4""x4""  4 มม  (ม่วง)  เหล็กเพลท","เหล็กแผ่น",,"01 NK","NK เคหะภัณฑ์","15C","แผนก เหล็กรูป","01","แผ่น","3","NKV6902-0374 ซีเอ็น /รับเอง/หาพี่ต้น ค่ะ","1","3","15C","แผนก เหล็กรูป","รับแล้ว",,"6/2/2026 14:14:45"
"0","สำนักงานใหญ่","BFV6902-0170","6/2/2026","บริษัท ยะลานำรุ่ง จำกัด (ท่าสาป)","ทิวารัตน์","ใบสั่งซื้อในเครือ","2401B0485BX12","","ท่อพีวีซี ชั้น 8.5x1/2"" บานหัว POLY (25/ส)","ท่อและอุปกรณ์ PVC",,"01 NK","NK เคหะภัณฑ์","15D","แผนก PVC","01","เส้น","15","NKV6902-0387/นภัส ชาญประกอบ/รายการส่ง/กะซะห์","1","15","15D","แผนก PVC","ยกเลิก",,"13/2/2026 12:32:50"
"0","สำนักงานใหญ่","BFV6902-0171","6/2/2026","บริษัท ยะลานำรุ่ง จำกัด (ท่าสาป)","ปลา","ใบสั่งซื้อในเครือ","8851100000016","","ปูนซีเมนต์ อินทรีแดง","ปูน","ปูนอินทรี","01 NK","NK เคหะภัณฑ์","15E","แผนก ปูน","01","ถุง","30","NKV6902-0388/จัดส่ง/หา....กิีง","0","0","15E","แผนก ปูน","รับแล้ว",,"6/2/2026 15:59:34"
"0","สำนักงานใหญ่","BFV6902-0172","6/2/2026","บริษัท ยะลานำรุ่ง จำกัด (ท่าสาป)","กีน","ใบสั่งซื้อในเครือ","150103SR24A10","","เหล็กเส้นกลม 9 มม SR-24 (4.99กก/โรงใหญ่ 10เมตร)  (3/8) (200-300เส้น/มัด)","เหล็กเส้นก่อสร้าง",,"01 NK","NK เคหะภัณฑ์","15B","แผนก เหล็กเส้น","01","เส้น","60","NKV6902-0389 ณัฐธกร /จัดส่ง/หาพี่บ่าวค่ะ","1","60","15B","แผนก เหล็กเส้น","รับแล้ว",,"6/2/2026 14:02:48"
"0","สำนักงานใหญ่","BFV6902-0172","6/2/2026","บริษัท ยะลานำรุ่ง จำกัด (ท่าสาป)","กีน","ใบสั่งซื้อในเครือ","150212SD40X10","","เหล็กเส้นข้ออ้อย 12มม.SD40T พับ (10เมตร/8.88กก.)","เหล็กเส้นก่อสร้าง",,"01 NK","NK เคหะภัณฑ์","15B","แผนก เหล็กเส้น","01","เส้น","100","NKV6902-0389 ณัฐธกร /จัดส่ง/หาพี่บ่าวค่ะ","1","100","15B","แผนก เหล็กเส้น","รับแล้ว",,"6/2/2026 14:02:42"
"0","สำนักงานใหญ่","BFV6902-0172","6/2/2026","บริษัท ยะลานำรุ่ง จำกัด (ท่าสาป)","กีน","ใบสั่งซื้อในเครือ","17014WTIXXX21","","ลวดผูกเหล็ก (2.35-2.50)    (100ขด/มัด)","ลวด,ตาข่าย,ตะแกรง",,"01 NK","NK เคหะภัณฑ์","15B","แผนก เหล็กเส้น","01","ขด","15","NKV6902-0389 ณัฐธกร /จัดส่ง/หาพี่บ่าวค่ะ","1","15","15B","แผนก เหล็กเส้น","รับแล้ว",,"6/2/2026 14:02:35"
"0","สำนักงานใหญ่","BFV6902-0174","6/2/2026","บริษัท ยะลานำรุ่ง จำกัด (ท่าสาป)","กีน","ใบสั่งซื้อในเครือ","1103F20101212","","ท่อแบน GI 2""x1""x1.1-1.2 มม.(เหลือง/7.2-7.5)","เหล็กรูป",,"01 NK","NK เคหะภัณฑ์","15C","แผนก เหล็กรูป","01","เส้น","1","HKV6902-0870 อุสมาน /จัดส่ง /หาแม่ตือ ค่ะ","1","1","15C","แผนก เหล็กรูป","รับแล้ว",,"7/2/2026 16:02:24"
"0","สำนักงานใหญ่","BFV6902-0174","6/2/2026","บริษัท ยะลานำรุ่ง จำกัด (ท่าสาป)","กีน","ใบสั่งซื้อในเครือ","1103F30141212","","ท่อแบน GI 3""x1.1/2""x1.1-1.2 มม. (เหลือง/11.20-11-50) (50เส้น/มัด)","เหล็กรูป",,"01 NK","NK เคหะภัณฑ์","15C","แผนก เหล็กรูป","01","เส้น","1","HKV6902-0870 อุสมาน /จัดส่ง /หาแม่ตือ ค่ะ","1","1","15C","แผนก เหล็กรูป","รับแล้ว",,"7/2/2026 16:03:28"
"0","สำนักงานใหญ่","BFV6902-0174","6/2/2026","บริษัท ยะลานำรุ่ง จำกัด (ท่าสาป)","กีน","ใบสั่งซื้อในเครือ","1103I0412XX12","","ท่อเหลี่ยม GI 1/2""x1.1-1.2 มม.(เหลือง) (2.4-2.5)","เหล็กรูป",,"01 NK","NK เคหะภัณฑ์","15C","แผนก เหล็กรูป","01","เส้น","2","HKV6902-0870 อุสมาน /จัดส่ง /หาแม่ตือ ค่ะ","1","2","15C","แผนก เหล็กรูป","รับแล้ว",,"7/2/2026 16:03:25"
"0","สำนักงานใหญ่","BFV6902-0174","6/2/2026","บริษัท ยะลานำรุ่ง จำกัด (ท่าสาป)","กีน","ใบสั่งซื้อในเครือ","1103I1012XX20","","ท่อเหลี่ยม GI 1""x1.1-1.2 มม.(เหลือง/4.95) (มัดละ 144 เส้น)","เหล็กรูป",,"01 NK","NK เคหะภัณฑ์","15C","แผนก เหล็กรูป","01","เส้น","5","HKV6902-0870 อุสมาน /จัดส่ง /หาแม่ตือ ค่ะ","1","5","15C","แผนก เหล็กรูป","รับแล้ว",,"7/2/2026 16:03:22"
"0","สำนักงานใหญ่","BFV6902-0176","6/2/2026","บริษัท ยะลานำรุ่ง จำกัด (ท่าสาป)","กีน","ใบสั่งซื้อในเครือ","8851100000078","","ปูนซีเมนต์ อินทรีทอง","ปูน","ปูนอินทรี","01 NK","NK เคหะภัณฑ์","15E","แผนก ปูน","01","ถุง","35","NKV6902-0398 ชวน /จัดส่ง/หาพี่เบิร์ดค่ะ","1","35","15E","แผนก ปูน",,,"6/2/2026 15:14:50"
"0","สำนักงานใหญ่","BFV6902-0176","6/2/2026","บริษัท ยะลานำรุ่ง จำกัด (ท่าสาป)","กีน","ใบสั่งซื้อในเครือ","8851100001020","","ปูนฉาบอิฐทั่วไป อินทรีมอร์ตาร์ #11 (50กก.)","ปูน","ปูนอินทรี","01 NK","NK เคหะภัณฑ์","15E","แผนก ปูน","01","ถุง","15","NKV6902-0398 ชวน /จัดส่ง/หาพี่เบิร์ดค่ะ","1","15","15E","แผนก ปูน",,,"6/2/2026 15:14:50"
"0","สำนักงานใหญ่","BFV6902-0180","7/2/2026","บริษัท ยะลานำรุ่ง จำกัด (ท่าสาป)","พารูดา","ใบสั่งซื้อในเครือ","2401B0485BX12","","ท่อพีวีซี ชั้น 8.5x1/2"" บานหัว POLY (25/ส)","ท่อและอุปกรณ์ PVC",,"01 NK","NK เคหะภัณฑ์","15D","แผนก PVC","02","เส้น","100","เบิก วางขาย ท่าสาป/ดา","34.5","3450","15D","แผนก PVC","รับแล้ว",,"9/2/2026 12:35:47"
"0","สำนักงานใหญ่","BFV6902-0180","7/2/2026","บริษัท ยะลานำรุ่ง จำกัด (ท่าสาป)","พารูดา","ใบสั่งซื้อในเครือ","2401B0685XX22","","ท่อพีวีซี ชั้น 8.5x3/4"" บานหัว POLY (25/ส)","ท่อและอุปกรณ์ PVC",,"01 NK","NK เคหะภัณฑ์","15D","แผนก PVC","02","เส้น","50","เบิก วางขาย ท่าสาป/ดา","43.25","2162.5","15D","แผนก PVC","รับแล้ว",,"9/2/2026 12:35:47"
"0","สำนักงานใหญ่","BFV6902-0180","7/2/2026","บริษัท ยะลานำรุ่ง จำกัด (ท่าสาป)","พารูดา","ใบสั่งซื้อในเครือ","2401B1085BX12","","ท่อพีวีซี ชั้น 8.5x1"" บานหัว POLY (20/ส)","ท่อและอุปกรณ์ PVC",,"01 NK","NK เคหะภัณฑ์","15D","แผนก PVC","02","เส้น","20","เบิก วางขาย ท่าสาป/ดา","57.25","1145","15D","แผนก PVC","รับแล้ว",,"9/2/2026 12:35:47"
"0","สำนักงานใหญ่","BFV6902-0180","7/2/2026","บริษัท ยะลานำรุ่ง จำกัด (ท่าสาป)","พารูดา","ใบสั่งซื้อในเครือ","2401B1485BX12","","ท่อพีวีซี ชั้น 8.5x1.1/2"" บานหัว (10/ส)","ท่อและอุปกรณ์ PVC",,"01 NK","NK เคหะภัณฑ์","15D","แผนก PVC","02","เส้น","10","เบิก วางขาย ท่าสาป/ดา","93.25","932.5","15D","แผนก PVC","รับแล้ว",,"9/2/2026 12:35:47"
"0","สำนักงานใหญ่","BFV6902-0181","7/2/2026","บริษัท ยะลานำรุ่ง จำกัด (ท่าสาป)","กีน","ใบสั่งซื้อในเครือ","8851100000139","","ปูนซีเมนต์ อินทรีเพชรพลัส","ปูน","ปูนอินทรี","01 NK","NK เคหะภัณฑ์","15E","แผนก ปูน","01","ถุง","5","NKV6902-0423 /ซีพีเอ็น /รับเอง/หาพี่เบิร์ดค่ะ","1","5","15E","แผนก ปูน","รับแล้ว",,"7/2/2026 14:57:07"
"0","สำนักงานใหญ่","BFV6902-0182","7/2/2026","บริษัท ยะลานำรุ่ง จำกัด (ท่าสาป)","นุรฮาปีซาร์","ใบสั่งซื้อในเครือ","1103I4023XX21","","ท่อเหลี่ยม GI 4""x2.1-2.3 มม. (เขียว/ขาว)  38+/-","เหล็กรูป",,"01 NK","NK เคหะภัณฑ์","15C","แผนก เหล็กรูป","01","เส้น","29","ส่ง //NKV6902-0428ร้าน อาภรณ์เฟอร์นิเจอร์//หาแม่ตือ","1","29","15C","แผนก เหล็กรูป","รับแล้ว",,"7/2/2026 10:19:38"
"0","สำนักงานใหญ่","BFV6902-0182","7/2/2026","บริษัท ยะลานำรุ่ง จำกัด (ท่าสาป)","นุรฮาปีซาร์","ใบสั่งซื้อในเครือ","1201I8060XX10","","เหล็กแผ่นตัด 8""x8"" 6มม.(200x200x6 มม/เหล็กเพลท) ไม่เจาะรู (แดง/-1.95+/-)","เหล็กแผ่น",,"01 NK","NK เคหะภัณฑ์","15C","แผนก เหล็กรูป","01","แผ่น","36","ส่ง //NKV6902-0428ร้าน อาภรณ์เฟอร์นิเจอร์//หาแม่ตือ","1","36","15C","แผนก เหล็กรูป","รับแล้ว",,"7/2/2026 10:18:05"
"0","สำนักงานใหญ่","BFV6902-0185","7/2/2026","บริษัท ยะลานำรุ่ง จำกัด (ท่าสาป)","กีน","ใบสั่งซื้อในเครือ","150102SR24A10","","เหล็กเส้นกลม 6 มม.SR-24(2.22กก/โรงใหญ่ 10เมตร)   (1/4)/(400-500เส้น/มัด)","เหล็กเส้นก่อสร้าง",,"01 NK","NK เคหะภัณฑ์","15B","แผนก เหล็กเส้น","01","เส้น","25","NKV6902-0424 /ซีพีเอ็น /รับเอง*/หาพี่บ่าวค่ะ","1","25","15B","แผนก เหล็กเส้น","รับแล้ว",,"8/2/2026 12:17:11"
"0","สำนักงานใหญ่","BFV6902-0185","7/2/2026","บริษัท ยะลานำรุ่ง จำกัด (ท่าสาป)","กีน","ใบสั่งซื้อในเครือ","150212SD40X10","","เหล็กเส้นข้ออ้อย 12มม.SD40T พับ (10เมตร/8.88กก.)","เหล็กเส้นก่อสร้าง",,"01 NK","NK เคหะภัณฑ์","15B","แผนก เหล็กเส้น","01","เส้น","20","NKV6902-0424 /ซีพีเอ็น /รับเอง*/หาพี่บ่าวค่ะ","1","20","15B","แผนก เหล็กเส้น","รับแล้ว",,"8/2/2026 12:15:19"
"0","สำนักงานใหญ่","BFV6902-0188","7/2/2026","บริษัท ยะลานำรุ่ง จำกัด (ท่าสาป)","สุวรรณีย์ (แคช)","ใบสั่งซื้อในเครือ","8851100000016","","ปูนซีเมนต์ อินทรีแดง","ปูน","ปูนอินทรี","01 NK","NK เคหะภัณฑ์","15E","แผนก ปูน","01","ถุง","15","จัดส่ง// ร้าน อาภรณ์เฟอร์นิเจอร์","1","15","15E","แผนก ปูน",,,"7/2/2026 09:15:05"
"0","สำนักงานใหญ่","BFV6902-0188","7/2/2026","บริษัท ยะลานำรุ่ง จำกัด (ท่าสาป)","สุวรรณีย์ (แคช)","ใบสั่งซื้อในเครือ","8851100000139","","ปูนซีเมนต์ อินทรีเพชรพลัส","ปูน","ปูนอินทรี","01 NK","NK เคหะภัณฑ์","15E","แผนก ปูน","01","ถุง","10","จัดส่ง// ร้าน อาภรณ์เฟอร์นิเจอร์","1","10","15E","แผนก ปูน",,,"7/2/2026 09:16:05"
"0","สำนักงานใหญ่","BFV6902-0190","7/2/2026","บริษัท ยะลานำรุ่ง จำกัด (ท่าสาป)","ทิวารัตน์","ใบสั่งซื้อในเครือ","2101BIRTHM131","","ปูนฉาบอิฐมวลเบา อินทรีมอร์ตาร์ #13 (50กก.)","ปูน","ปูนอินทรี","01 NK","NK เคหะภัณฑ์","15E","แผนก ปูน","01","ถุง","20","HKV6902-0973/อาร์ เอส อี โซลูชั่น/รายการส่ง/หาแบเลาะ","1","20","15E","แผนก ปูน","รับแล้ว",,"7/2/2026 14:57:53"
"0","สำนักงานใหญ่","BFV6902-0194","7/2/2026","บริษัท ยะลานำรุ่ง จำกัด (ท่าสาป)","สุวรรณีย์ (แคช)","ใบสั่งซื้อในเครือ","8851100000078","","ปูนซีเมนต์ อินทรีทอง","ปูน","ปูนอินทรี","01 NK","NK เคหะภัณฑ์","15E","แผนก ปูน","01","ถุง","35","NKV6902-0447//ร้าน อาภรณ์เฟอร์นิเจอร์","1","35","15E","แผนก ปูน",,,"7/2/2026 09:52:07"
"0","สำนักงานใหญ่","BFV6902-0194","7/2/2026","บริษัท ยะลานำรุ่ง จำกัด (ท่าสาป)","สุวรรณีย์ (แคช)","ใบสั่งซื้อในเครือ","8851100001020","","ปูนฉาบอิฐทั่วไป อินทรีมอร์ตาร์ #11 (50กก.)","ปูน","ปูนอินทรี","01 NK","NK เคหะภัณฑ์","15E","แผนก ปูน","01","ถุง","15","NKV6902-0447//ร้าน อาภรณ์เฟอร์นิเจอร์","1","15","15E","แผนก ปูน",,,"7/2/2026 09:52:07"
"0","สำนักงานใหญ่","BFV6902-0196","7/2/2026","บริษัท ยะลานำรุ่ง จำกัด (ท่าสาป)","พี่ตา","ใบสั่งซื้อในเครือ","2401B0485BX12","","ท่อพีวีซี ชั้น 8.5x1/2"" บานหัว POLY (25/ส)","ท่อและอุปกรณ์ PVC",,"01 NK","NK เคหะภัณฑ์","15D","แผนก PVC","01","มัด","1","HKV6902-0985 วรรณะ","1","1","15D","แผนก PVC","รับแล้ว",,"7/2/2026 13:50:15"
"0","สำนักงานใหญ่","BFV6902-0196","7/2/2026","บริษัท ยะลานำรุ่ง จำกัด (ท่าสาป)","พี่ตา","ใบสั่งซื้อในเครือ","2401B2085BX12","","ท่อพีวีซี ชั้น 8.5x2"" บานหัว (10/ส)","ท่อและอุปกรณ์ PVC",,"01 NK","NK เคหะภัณฑ์","15D","แผนก PVC","01","มัด","5","HKV6902-0985 วรรณะ","1","5","15D","แผนก PVC","รับแล้ว",,"7/2/2026 13:50:20"
"0","สำนักงานใหญ่","BFV6902-0197","7/2/2026","บริษัท ยะลานำรุ่ง จำกัด (ท่าสาป)","พี่ตา","ใบสั่งซื้อในเครือ","2301BDRK10M10","","ไม้อัดยาง  10  มม. ( กทม. )","ก่อพนัง,ก่อกำแพง",,"01 NK","NK เคหะภัณฑ์","15D","แผนก PVC","01","แผ่น","3","NKV6902-0452 พรชัยออโต้ซาวด์","1","3","15D","แผนก PVC","รับแล้ว",,"7/2/2026 11:05:55"
"0","สำนักงานใหญ่","BFV6902-0198","7/2/2026","บริษัท ยะลานำรุ่ง จำกัด (ท่าสาป)","กีน","ใบสั่งซื้อในเครือ","1103F20102012","","ท่อแบน GI 2""x1""x1.9-2.0-2.3 มม  (เขียว/12-13)","เหล็กรูป",,"01 NK","NK เคหะภัณฑ์","15C","แผนก เหล็กรูป","01","เส้น","26","NKV6902-0450 /รร.อิสลาฮุดีน /จัดส่ง/หาแม่ตือ ค่ะ","1","26","15C","แผนก เหล็กรูป","รับแล้ว",,"7/2/2026 13:47:08"
"0","สำนักงานใหญ่","BFV6902-0198","7/2/2026","บริษัท ยะลานำรุ่ง จำกัด (ท่าสาป)","กีน","ใบสั่งซื้อในเครือ","1103F30141821","","ท่อแบน GI 3""x1.1/2""x1.5-1.6-1.8มม. (ส้ม)  (15.50+/-","เหล็กรูป",,"01 NK","NK เคหะภัณฑ์","15C","แผนก เหล็กรูป","01","เส้น","5","NKV6902-0450 /รร.อิสลาฮุดีน /จัดส่ง/หาแม่ตือ ค่ะ","1","5","15C","แผนก เหล็กรูป","รับแล้ว",,"7/2/2026 13:47:18"
"0","สำนักงานใหญ่","BFV6902-0198","7/2/2026","บริษัท ยะลานำรุ่ง จำกัด (ท่าสาป)","กีน","ใบสั่งซื้อในเครือ","1103I1215XX12","","ท่อเหลี่ยม GI 1.1/4""x1.3-1.5 มม. (ขาว) (7.5-7.8)","เหล็กรูป",,"01 NK","NK เคหะภัณฑ์","15C","แผนก เหล็กรูป","01","เส้น","1","NKV6902-0450 /รร.อิสลาฮุดีน /จัดส่ง/หาแม่ตือ ค่ะ","1","1","15C","แผนก เหล็กรูป","รับแล้ว",,"7/2/2026 13:47:13"
"0","สำนักงานใหญ่","BFV6902-0199","7/2/2026","บริษัท ยะลานำรุ่ง จำกัด (ท่าสาป)","สุวรรณีย์ (แคช)","ใบสั่งซื้อในเครือ","2201BDS154811","","เฌอร่าแผ่นพื้น 4x8x15มม.","กระเบื้องมุงหลังคา","เฌอร่า / SHERA","01 NK","NK เคหะภัณฑ์","15F","แผนก กระเบื้องหลังคา","01","แผ่น","2","HKV6902-0999//สด ลูกค้าไม่ต้องการใบกำกับภาษี","1","2","15F","แผนก กระเบื้องหลังคา","รับแล้ว",,"7/2/2026 11:08:23"
"0","สำนักงานใหญ่","BFV6902-0200","7/2/2026","บริษัท ยะลานำรุ่ง จำกัด (ท่าสาป)","กีน","ใบสั่งซื้อในเครือ","150212SD40X10","","เหล็กเส้นข้ออ้อย 12มม.SD40T พับ (10เมตร/8.88กก.)","เหล็กเส้นก่อสร้าง",,"01 NK","NK เคหะภัณฑ์","15B","แผนก เหล็กเส้น","01","เส้น","3","NKV6902-0458 รร.อิสลาฮุดดีน /จัดส่ง/หาพี่บ่าวค่ะ","1","3","15B","แผนก เหล็กเส้น","รับแล้ว",,"7/2/2026 12:51:56"
"0","สำนักงานใหญ่","BFV6902-0201","7/2/2026","บริษัท ยะลานำรุ่ง จำกัด (ท่าสาป)","พี่ตา","ใบสั่งซื้อในเครือ","8859111700017","","กระเบื้องลอนคู่ ห้าห่วง 4 4มม. ขาวซีเมนต์","กระเบื้องมุงหลังคา","ห้าห่วง","01 NK","NK เคหะภัณฑ์","15F","แผนก กระเบื้องหลังคา","01","แผ่น","50","HKV6902-1002 สุภาพร","1","50","15F","แผนก กระเบื้องหลังคา","รับแล้ว",,"7/2/2026 13:51:31"
"0","สำนักงานใหญ่","BFV6902-0202","7/2/2026","บริษัท ยะลานำรุ่ง จำกัด (ท่าสาป)","พารูดา","ใบสั่งซื้อในเครือ","8851100000016","","ปูนซีเมนต์ อินทรีแดง","ปูน","ปูนอินทรี","01 NK","NK เคหะภัณฑ์","15E","แผนก ปูน","02","ถุง","40","เบิกวางขาย ท่าสาป/ดา","139","5560","15E","แผนก ปูน",,,"9/2/2026 12:37:47"
"0","สำนักงานใหญ่","BFV6902-0202","7/2/2026","บริษัท ยะลานำรุ่ง จำกัด (ท่าสาป)","พารูดา","ใบสั่งซื้อในเครือ","8851100000092","","ปูนซีเมนต์ อินทรีเขียว","ปูน","ปูนอินทรี","01 NK","NK เคหะภัณฑ์","15E","แผนก ปูน","02","ถุง","40","เบิกวางขาย ท่าสาป/ดา","130","5200","15E","แผนก ปูน",,,"9/2/2026 12:37:47"
"0","สำนักงานใหญ่","BFV6902-0204","7/2/2026","บริษัท ยะลานำรุ่ง จำกัด (ท่าสาป)","นูนีย์","ใบสั่งซื้อในเครือ","150102SR24A10","","เหล็กเส้นกลม 6 มม.SR-24(2.22กก/โรงใหญ่ 10เมตร)   (1/4)/(400-500เส้น/มัด)","เหล็กเส้นก่อสร้าง",,"01 NK","NK เคหะภัณฑ์","15B","แผนก เหล็กเส้น","01","เส้น","100","ส่ง/NKV6902-0471/เอกลักษณ์/เบิก ทส.","1","100","15B","แผนก เหล็กเส้น","รับแล้ว",,"7/2/2026 14:07:37"
"0","สำนักงานใหญ่","BFV6902-0204","7/2/2026","บริษัท ยะลานำรุ่ง จำกัด (ท่าสาป)","นูนีย์","ใบสั่งซื้อในเครือ","150212SD40X10","","เหล็กเส้นข้ออ้อย 12มม.SD40T พับ (10เมตร/8.88กก.)","เหล็กเส้นก่อสร้าง",,"01 NK","NK เคหะภัณฑ์","15B","แผนก เหล็กเส้น","01","เส้น","100","ส่ง/NKV6902-0471/เอกลักษณ์/เบิก ทส.","1","100","15B","แผนก เหล็กเส้น","รับแล้ว",,"7/2/2026 14:07:15"
"0","สำนักงานใหญ่","BFV6902-0204","7/2/2026","บริษัท ยะลานำรุ่ง จำกัด (ท่าสาป)","นูนีย์","ใบสั่งซื้อในเครือ","150216SD40X10","","เหล็กเส้นข้ออ้อย 16มม.SD-40 พับ พ่นปลายฟ้า (10เมตร/15.78กก) (80เส้น/มัด)","เหล็กเส้นก่อสร้าง",,"01 NK","NK เคหะภัณฑ์","15B","แผนก เหล็กเส้น","01","เส้น","50","ส่ง/NKV6902-0471/เอกลักษณ์/เบิก ทส.","1","50","15B","แผนก เหล็กเส้น","รับแล้ว",,"7/2/2026 14:07:04"
"0","สำนักงานใหญ่","BFV6902-0204","7/2/2026","บริษัท ยะลานำรุ่ง จำกัด (ท่าสาป)","นูนีย์","ใบสั่งซื้อในเครือ","17014WTIXXX21","","ลวดผูกเหล็ก (2.35-2.50)    (100ขด/มัด)","ลวด,ตาข่าย,ตะแกรง",,"01 NK","NK เคหะภัณฑ์","15B","แผนก เหล็กเส้น","01","ขด","30","ส่ง/NKV6902-0471/เอกลักษณ์/เบิก ทส.","1","30","15B","แผนก เหล็กเส้น","รับแล้ว",,"7/2/2026 14:06:54"
"0","สำนักงานใหญ่","BFV6902-0208","7/2/2026","บริษัท ยะลานำรุ่ง จำกัด (ท่าสาป)","เบียร์","ใบสั่งซื้อในเครือ","1103F20101821","","ท่อแบน GI 2""x1""x1.5-1.6 มม. (ส้ม)  (10.20+/-)","เหล็กรูป",,"01 NK","NK เคหะภัณฑ์","15C","แผนก เหล็กรูป","01","เส้น","7","NKV6902-0485/นิยม เสาทอง/จัดส่ง/หาพี่ต้น/หากอล์ฟ","1","7","15C","แผนก เหล็กรูป","รับแล้ว",,"7/2/2026 14:44:17"
"0","สำนักงานใหญ่","BFV6902-0208","7/2/2026","บริษัท ยะลานำรุ่ง จำกัด (ท่าสาป)","เบียร์","ใบสั่งซื้อในเครือ","2205YBM251621","","ครอบปิดข้าง หห. มิดไนท์เกรย์","กระเบื้องมุงหลังคา","ห้าห่วง","01 NK","NK เคหะภัณฑ์","15F","แผนก กระเบื้องหลังคา","01","แผ่น","16","NKV6902-0485/นิยม เสาทอง/จัดส่ง/หาพี่ต้น/หากอล์ฟ","1","16","15F","แผนก กระเบื้องหลังคา","รับแล้ว",,"7/2/2026 14:46:53"
"0","สำนักงานใหญ่","BFV6902-0208","7/2/2026","บริษัท ยะลานำรุ่ง จำกัด (ท่าสาป)","เบียร์","ใบสั่งซื้อในเครือ","2205YBM261621","","ครอบปิดชาย หห มิดไนท์เกรย์","กระเบื้องมุงหลังคา","ห้าห่วง","01 NK","NK เคหะภัณฑ์","15F","แผนก กระเบื้องหลังคา","01","แผ่น","4","NKV6902-0485/นิยม เสาทอง/จัดส่ง/หาพี่ต้น/หากอล์ฟ","1","4","15F","แผนก กระเบื้องหลังคา","รับแล้ว",,"7/2/2026 14:46:57"
"0","สำนักงานใหญ่","BFV6902-0208","7/2/2026","บริษัท ยะลานำรุ่ง จำกัด (ท่าสาป)","เบียร์","ใบสั่งซื้อในเครือ","8859111750210","","ไม้ฝาเฌอร่า-เทาโมเดิร์น 8""x3 ม.","ก่อพนัง,ก่อกำแพง","เฌอร่า / SHERA","01 NK","NK เคหะภัณฑ์","15A","แผนก เฌอร่า","01","แผ่น","10","NKV6902-0485/นิยม เสาทอง/จัดส่ง/หาพี่ต้น/หากอล์ฟ","1","10","15A","แผนก เฌอร่า","รับแล้ว",,"8/2/2026 08:35:45"
"0","สำนักงานใหญ่","BFV6902-0210","7/2/2026","บริษัท ยะลานำรุ่ง จำกัด (ท่าสาป)","ฟาง","ใบสั่งซื้อในเครือ","2502BW11XXX10","","อิฐมวลเบา อินทรีซุปเปอร์บล็อก 20x60x7.5 ชม.(200ก้อน)   G4","วัสดุก่อสร้างเบ็ดเตล็ด","อินทรีซุปเปอร์บล็อก / INSEE SuperBlock","01 NK","NK เคหะภัณฑ์","15F","แผนก กระเบื้องหลังคา","01","ก้อน","12","NKV6902-0483/จัดส่ง/เบิก ท่าสาป/หา พี่ดาริน","1","12","15F","แผนก กระเบื้องหลังคา","รับแล้ว",,"7/2/2026 15:09:40"
"0","สำนักงานใหญ่","BFV6902-0211","7/2/2026","บริษัท ยะลานำรุ่ง จำกัด (ท่าสาป)","ฟาง","ใบสั่งซื้อในเครือ","1103I1013XX12","","ท่อเหลี่ยม GI 1""x1.3-1.5 มม. (ฟ้า/ขาว)  (5.7)","เหล็กรูป",,"01 NK","NK เคหะภัณฑ์","15C","แผนก เหล็กรูป","01","เส้น","5","NKV6902-0489/จัดส่ง/เบิก ท่าสาป/หา แม่ตือ","1","5","15C","แผนก เหล็กรูป","รับแล้ว",,"7/2/2026 16:16:46"
"0","สำนักงานใหญ่","BFV6902-0212","7/2/2026","บริษัท ยะลานำรุ่ง จำกัด (ท่าสาป)","กีน","ใบสั่งซื้อในเครือ","2101BIRTHM121","","ปูนฉาบละเอียด อินทรีมอร์ตาร์  #12 (50กก.)","ปูน","ปูนอินทรี","01 NK","NK เคหะภัณฑ์","15E","แผนก ปูน","01","ถุง","20","NKV6902-0487 /ชวน /จัดส่ง/หาพี่ระวิ ค่ะ","1","20","15E","แผนก ปูน",,,"8/2/2026 08:47:47"
"0","สำนักงานใหญ่","BFV6902-0212","7/2/2026","บริษัท ยะลานำรุ่ง จำกัด (ท่าสาป)","กีน","ใบสั่งซื้อในเครือ","8851100000078","","ปูนซีเมนต์ อินทรีทอง","ปูน","ปูนอินทรี","01 NK","NK เคหะภัณฑ์","15E","แผนก ปูน","01","ถุง","30","NKV6902-0487 /ชวน /จัดส่ง/หาพี่ระวิ ค่ะ","1","30","15E","แผนก ปูน",,,"7/2/2026 14:25:26"
"0","สำนักงานใหญ่","BFV6902-0212","7/2/2026","บริษัท ยะลานำรุ่ง จำกัด (ท่าสาป)","กีน","ใบสั่งซื้อในเครือ","8851100001020","","ปูนฉาบอิฐทั่วไป อินทรีมอร์ตาร์ #11 (50กก.)","ปูน","ปูนอินทรี","01 NK","NK เคหะภัณฑ์","15E","แผนก ปูน","01","ถุง","20","NKV6902-0487 /ชวน /จัดส่ง/หาพี่ระวิ ค่ะ","1","20","15E","แผนก ปูน",,,"7/2/2026 14:25:26"
"0","สำนักงานใหญ่","BFV6902-0216","7/2/2026","บริษัท ยะลานำรุ่ง จำกัด (ท่าสาป)","นุรฮาปีซาร์","ใบสั่งซื้อในเครือ","8859111717800","","เฌอร่าบอร์ด 4x8x6มม.(27.04Kg/แผ่น)","กระเบื้องมุงหลังคา","เฌอร่า / SHERA","01 NK","NK เคหะภัณฑ์","15F","แผนก กระเบื้องหลังคา","01","แผ่น","10","รับเอง //HKV6902-1080นาย อภิรักษ์ บาเก็ง//หาพี่ดาริณ","1","10","15F","แผนก กระเบื้องหลังคา","รับแล้ว",,"7/2/2026 15:45:33"
"0","สำนักงานใหญ่","BFV6902-0219","8/2/2026","บริษัท ยะลานำรุ่ง จำกัด (ท่าสาป)","นูนีย์","ใบสั่งซื้อในเครือ","150212SD40X10","","เหล็กเส้นข้ออ้อย 12มม.SD40T พับ (10เมตร/8.88กก.)","เหล็กเส้นก่อสร้าง",,"01 NK","NK เคหะภัณฑ์","15B","แผนก เหล็กเส้น","01","เส้น","20","ส่ง/NKV6902-0513/ เวิร์คเพอร์เฟกต์/เบิก ทส.","1","20","15B","แผนก เหล็กเส้น","รับแล้ว",,"8/2/2026 10:32:26"
"0","สำนักงานใหญ่","BFV6902-0219","8/2/2026","บริษัท ยะลานำรุ่ง จำกัด (ท่าสาป)","นูนีย์","ใบสั่งซื้อในเครือ","17014WTIXXX21","","ลวดผูกเหล็ก (2.35-2.50)    (100ขด/มัด)","ลวด,ตาข่าย,ตะแกรง",,"01 NK","NK เคหะภัณฑ์","15B","แผนก เหล็กเส้น","01","ขด","3","ส่ง/NKV6902-0513/ เวิร์คเพอร์เฟกต์/เบิก ทส.","2","6","15B","แผนก เหล็กเส้น","รับแล้ว",,"8/2/2026 10:32:30"
"0","สำนักงานใหญ่","BFV6902-0219","8/2/2026","บริษัท ยะลานำรุ่ง จำกัด (ท่าสาป)","นูนีย์","ใบสั่งซื้อในเครือ","8851100000139","","ปูนซีเมนต์ อินทรีเพชรพลัส","ปูน","ปูนอินทรี","01 NK","NK เคหะภัณฑ์","15E","แผนก ปูน","01","ถุง","10","ส่ง/NKV6902-0513/ เวิร์คเพอร์เฟกต์/เบิก ทส.","1","10","15E","แผนก ปูน",,,"8/2/2026 08:32:46"
"0","สำนักงานใหญ่","BFV6902-0222","8/2/2026","บริษัท ยะลานำรุ่ง จำกัด (ท่าสาป)","กีน","ใบสั่งซื้อในเครือ","150102SR24A10","","เหล็กเส้นกลม 6 มม.SR-24(2.22กก/โรงใหญ่ 10เมตร)   (1/4)/(400-500เส้น/มัด)","เหล็กเส้นก่อสร้าง",,"01 NK","NK เคหะภัณฑ์","15B","แผนก เหล็กเส้น","01","เส้น","14","HKV6902-1152 /นำ /จัดส่ง/หาพี่บ่าวค่ะ","1","14","15B","แผนก เหล็กเส้น","รับแล้ว",,"8/2/2026 12:15:45"
"0","สำนักงานใหญ่","BFV6902-0222","8/2/2026","บริษัท ยะลานำรุ่ง จำกัด (ท่าสาป)","กีน","ใบสั่งซื้อในเครือ","17014WTIXXX21","","ลวดผูกเหล็ก (2.35-2.50)    (100ขด/มัด)","ลวด,ตาข่าย,ตะแกรง",,"01 NK","NK เคหะภัณฑ์","15B","แผนก เหล็กเส้น","01","ขด","1","HKV6902-1152 /นำ /จัดส่ง/หาพี่บ่าวค่ะ","1","1","15B","แผนก เหล็กเส้น","รับแล้ว",,"8/2/2026 12:15:15"
"0","สำนักงานใหญ่","BFV6902-0227","8/2/2026","บริษัท ยะลานำรุ่ง จำกัด (ท่าสาป)","กีน","ใบสั่งซื้อในเครือ","150102SR24A10","","เหล็กเส้นกลม 6 มม.SR-24(2.22กก/โรงใหญ่ 10เมตร)   (1/4)/(400-500เส้น/มัด)","เหล็กเส้นก่อสร้าง",,"01 NK","NK เคหะภัณฑ์","15B","แผนก เหล็กเส้น","01","เส้น","100","NKV6902-0525 /ชวน /จัดส่ง/หาแบ เดล ค่ะ","1","100","15B","แผนก เหล็กเส้น","รับแล้ว",,"8/2/2026 12:15:05"
"0","สำนักงานใหญ่","BFV6902-0227","8/2/2026","บริษัท ยะลานำรุ่ง จำกัด (ท่าสาป)","กีน","ใบสั่งซื้อในเครือ","150212SD40X10","","เหล็กเส้นข้ออ้อย 12มม.SD40T พับ (10เมตร/8.88กก.)","เหล็กเส้นก่อสร้าง",,"01 NK","NK เคหะภัณฑ์","15B","แผนก เหล็กเส้น","01","เส้น","130","NKV6902-0525 /ชวน /จัดส่ง/หาแบ เดล ค่ะ","1","130","15B","แผนก เหล็กเส้น","รับแล้ว",,"8/2/2026 12:15:08"
"0","สำนักงานใหญ่","BFV6902-0227","8/2/2026","บริษัท ยะลานำรุ่ง จำกัด (ท่าสาป)","กีน","ใบสั่งซื้อในเครือ","150216SD40X10","","เหล็กเส้นข้ออ้อย 16มม.SD-40 พับ พ่นปลายฟ้า (10เมตร/15.78กก) (80เส้น/มัด)","เหล็กเส้นก่อสร้าง",,"01 NK","NK เคหะภัณฑ์","15B","แผนก เหล็กเส้น","01","เส้น","25","NKV6902-0525 /ชวน /จัดส่ง/หาแบ เดล ค่ะ","1","25","15B","แผนก เหล็กเส้น","รับแล้ว",,"8/2/2026 12:15:37"
"0","สำนักงานใหญ่","BFV6902-0227","8/2/2026","บริษัท ยะลานำรุ่ง จำกัด (ท่าสาป)","กีน","ใบสั่งซื้อในเครือ","150220SD40X10","","เหล็กเส้นข้ออ้อย 20มม.SD-40T พับ (10เมตร/24.66กก) (50เส้น/มัด)","เหล็กเส้นก่อสร้าง",,"01 NK","NK เคหะภัณฑ์","15B","แผนก เหล็กเส้น","01","เส้น","13","NKV6902-0525 /ชวน /จัดส่ง/หาแบ เดล ค่ะ","1","13","15B","แผนก เหล็กเส้น","รับแล้ว",,"8/2/2026 12:15:39"
"0","สำนักงานใหญ่","BFV6902-0227","8/2/2026","บริษัท ยะลานำรุ่ง จำกัด (ท่าสาป)","กีน","ใบสั่งซื้อในเครือ","17014WTIXXX21","","ลวดผูกเหล็ก (2.35-2.50)    (100ขด/มัด)","ลวด,ตาข่าย,ตะแกรง",,"01 NK","NK เคหะภัณฑ์","15B","แผนก เหล็กเส้น","01","ขด","20","NKV6902-0525 /ชวน /จัดส่ง/หาแบ เดล ค่ะ","1","20","15B","แผนก เหล็กเส้น","รับแล้ว",,"8/2/2026 12:15:42"
"0","สำนักงานใหญ่","BFV6902-0228","8/2/2026","บริษัท ยะลานำรุ่ง จำกัด (ท่าสาป)","กีน","ใบสั่งซื้อในเครือ","150102SR24A10","","เหล็กเส้นกลม 6 มม.SR-24(2.22กก/โรงใหญ่ 10เมตร)   (1/4)/(400-500เส้น/มัด)","เหล็กเส้นก่อสร้าง",,"01 NK","NK เคหะภัณฑ์","15B","แผนก เหล็กเส้น","01","เส้น","100","NKV6902-0527 ชวน /จัดส่ง/หาแบ เดล ค่ะ","1","100","15B","แผนก เหล็กเส้น","รับแล้ว",,"8/2/2026 13:55:39"
"0","สำนักงานใหญ่","BFV6902-0228","8/2/2026","บริษัท ยะลานำรุ่ง จำกัด (ท่าสาป)","กีน","ใบสั่งซื้อในเครือ","150103SR24A10","","เหล็กเส้นกลม 9 มม SR-24 (4.99กก/โรงใหญ่ 10เมตร)  (3/8) (200-300เส้น/มัด)","เหล็กเส้นก่อสร้าง",,"01 NK","NK เคหะภัณฑ์","15B","แผนก เหล็กเส้น","01","เส้น","45","NKV6902-0527 ชวน /จัดส่ง/หาแบ เดล ค่ะ","1","45","15B","แผนก เหล็กเส้น","รับแล้ว",,"8/2/2026 13:55:36"
"0","สำนักงานใหญ่","BFV6902-0228","8/2/2026","บริษัท ยะลานำรุ่ง จำกัด (ท่าสาป)","กีน","ใบสั่งซื้อในเครือ","150212SD40X10","","เหล็กเส้นข้ออ้อย 12มม.SD40T พับ (10เมตร/8.88กก.)","เหล็กเส้นก่อสร้าง",,"01 NK","NK เคหะภัณฑ์","15B","แผนก เหล็กเส้น","01","เส้น","91","NKV6902-0527 ชวน /จัดส่ง/หาแบ เดล ค่ะ","1","91","15B","แผนก เหล็กเส้น","รับแล้ว",,"8/2/2026 13:55:34"
"0","สำนักงานใหญ่","BFV6902-0228","8/2/2026","บริษัท ยะลานำรุ่ง จำกัด (ท่าสาป)","กีน","ใบสั่งซื้อในเครือ","150216SD40X10","","เหล็กเส้นข้ออ้อย 16มม.SD-40 พับ พ่นปลายฟ้า (10เมตร/15.78กก) (80เส้น/มัด)","เหล็กเส้นก่อสร้าง",,"01 NK","NK เคหะภัณฑ์","15B","แผนก เหล็กเส้น","01","เส้น","36","NKV6902-0527 ชวน /จัดส่ง/หาแบ เดล ค่ะ","1","36","15B","แผนก เหล็กเส้น","รับแล้ว",,"8/2/2026 13:55:30"
"0","สำนักงานใหญ่","BFV6902-0228","8/2/2026","บริษัท ยะลานำรุ่ง จำกัด (ท่าสาป)","กีน","ใบสั่งซื้อในเครือ","150220SD40X10","","เหล็กเส้นข้ออ้อย 20มม.SD-40T พับ (10เมตร/24.66กก) (50เส้น/มัด)","เหล็กเส้นก่อสร้าง",,"01 NK","NK เคหะภัณฑ์","15B","แผนก เหล็กเส้น","01","เส้น","12","NKV6902-0527 ชวน /จัดส่ง/หาแบ เดล ค่ะ","1","12","15B","แผนก เหล็กเส้น","รับแล้ว",,"8/2/2026 13:55:28"
"0","สำนักงานใหญ่","BFV6902-0228","8/2/2026","บริษัท ยะลานำรุ่ง จำกัด (ท่าสาป)","กีน","ใบสั่งซื้อในเครือ","17014WTIXXX21","","ลวดผูกเหล็ก (2.35-2.50)    (100ขด/มัด)","ลวด,ตาข่าย,ตะแกรง",,"01 NK","NK เคหะภัณฑ์","15B","แผนก เหล็กเส้น","01","ขด","15","NKV6902-0527 ชวน /จัดส่ง/หาแบ เดล ค่ะ","1","15","15B","แผนก เหล็กเส้น","รับแล้ว",,"8/2/2026 13:55:25"
"0","สำนักงานใหญ่","BFV6902-0231","9/2/2026","บริษัท ยะลานำรุ่ง จำกัด (ท่าสาป)","ปลา","ใบสั่งซื้อในเครือ","1103I1015XX12","","ท่อเหลี่ยม GI 1""x1.5-1.6-1.8 มม. (ขาว) (6.4-6.5)","เหล็กรูป",,"01 NK","NK เคหะภัณฑ์","15C","แผนก เหล็กรูป","01","เส้น","5","NKV6902-0545/จัดส่ง/หา...แม่ตือ /พรชัย","0","0","15C","แผนก เหล็กรูป","รับแล้ว",,"9/2/2026 08:59:11"
"0","สำนักงานใหญ่","BFV6902-0232","9/2/2026","บริษัท ยะลานำรุ่ง จำกัด (ท่าสาป)","เบียร์","ใบสั่งซื้อในเครือ","8851100000016","","ปูนซีเมนต์ อินทรีแดง","ปูน","ปูนอินทรี","01 NK","NK เคหะภัณฑ์","15E","แผนก ปูน","01","ถุง","20","NKV6902-0551/ไชยหมาน/รับเอง/ปริ้น ทส","1","20","15E","แผนก ปูน",,,"9/2/2026 09:03:28"
"0","สำนักงานใหญ่","BFV6902-0233","9/2/2026","บริษัท ยะลานำรุ่ง จำกัด (ท่าสาป)","เบียร์","ใบสั่งซื้อในเครือ","8851100000139","","ปูนซีเมนต์ อินทรีเพชรพลัส","ปูน","ปูนอินทรี","01 NK","NK เคหะภัณฑ์","15E","แผนก ปูน","01","ถุง","100","NKV6902-0552/ไชยหมาน/หาแบเฮง/จัดส่ง","1","100","15E","แผนก ปูน",,,"9/2/2026 09:04:28"
"0","สำนักงานใหญ่","BFV6902-0234","9/2/2026","บริษัท ยะลานำรุ่ง จำกัด (ท่าสาป)","กีน","ใบสั่งซื้อในเครือ","1103F20102012","","ท่อแบน GI 2""x1""x1.9-2.0-2.3 มม  (เขียว/12-13)","เหล็กรูป",,"01 NK","NK เคหะภัณฑ์","15C","แผนก เหล็กรูป","01","เส้น","6","NKV6902-0553 ซีพีเอ็น /รับเอง/หาแม่ตือ ค่ะ","1","6","15C","แผนก เหล็กรูป","รับแล้ว",,"9/2/2026 09:57:29"
"0","สำนักงานใหญ่","BFV6902-0235","9/2/2026","บริษัท ยะลานำรุ่ง จำกัด (ท่าสาป)","กีน","ใบสั่งซื้อในเครือ","8851100000078","","ปูนซีเมนต์ อินทรีทอง","ปูน","ปูนอินทรี","01 NK","NK เคหะภัณฑ์","15E","แผนก ปูน","01","ถุง","30","NKV6902-0554  ซีพีเอ็น /รับเอง/หาแบเฮงค่ะ","1","30","15E","แผนก ปูน",,,"9/2/2026 09:10:28"
"0","สำนักงานใหญ่","BFV6902-0238","9/2/2026","บริษัท ยะลานำรุ่ง จำกัด (ท่าสาป)","กีน","ใบสั่งซื้อในเครือ","22014BGEHPX21","","กระเบื้องลอนคู่ ห้าห่วง 4 5มม. เขียวประกายพฤกษ์(สีธรรมดา)","กระเบื้องมุงหลังคา","ห้าห่วง","01 NK","NK เคหะภัณฑ์","15F","แผนก กระเบื้องหลังคา","01","แผ่น","320","HKV6902-1250 ณัฐธกร /จัดส่ง/หาพี่ดาริณ ค่ะ","1","320","15F","แผนก กระเบื้องหลังคา","รับแล้ว",,"9/2/2026 10:29:54"
"0","สำนักงานใหญ่","BFV6902-0238","9/2/2026","บริษัท ยะลานำรุ่ง จำกัด (ท่าสาป)","กีน","ใบสั่งซื้อในเครือ","2205K0JPKHH11","","ครอบปิดจั่ว/ปิดชายตะเข้ หห.เขียวประกายพฤกษ์","กระเบื้องมุงหลังคา","ห้าห่วง","01 NK","NK เคหะภัณฑ์","15F","แผนก กระเบื้องหลังคา","01","แผ่น","4","HKV6902-1250 ณัฐธกร /จัดส่ง/หาพี่ดาริณ ค่ะ","1","4","15F","แผนก กระเบื้องหลังคา","รับแล้ว",,"9/2/2026 10:30:00"
"0","สำนักงานใหญ่","BFV6902-0238","9/2/2026","บริษัท ยะลานำรุ่ง จำกัด (ท่าสาป)","กีน","ใบสั่งซื้อในเครือ","2205K0YPKHH21","","ครอบสามทาง Y หห.เขียวประกายพฤกษ์","กระเบื้องมุงหลังคา","ห้าห่วง","01 NK","NK เคหะภัณฑ์","15F","แผนก กระเบื้องหลังคา","01","แผ่น","2","HKV6902-1250 ณัฐธกร /จัดส่ง/หาพี่ดาริณ ค่ะ","1","2","15F","แผนก กระเบื้องหลังคา","รับแล้ว",,"9/2/2026 10:30:03"
"0","สำนักงานใหญ่","BFV6902-0238","9/2/2026","บริษัท ยะลานำรุ่ง จำกัด (ท่าสาป)","กีน","ใบสั่งซื้อในเครือ","2205KSGEHHX11","","ครอบสันหลังคา หห.เขียวประกายพฤกษ์","กระเบื้องมุงหลังคา","ห้าห่วง","01 NK","NK เคหะภัณฑ์","15F","แผนก กระเบื้องหลังคา","01","แผ่น","23","HKV6902-1250 ณัฐธกร /จัดส่ง/หาพี่ดาริณ ค่ะ","1","23","15F","แผนก กระเบื้องหลังคา","รับแล้ว",,"9/2/2026 10:30:10"
"0","สำนักงานใหญ่","BFV6902-0238","9/2/2026","บริษัท ยะลานำรุ่ง จำกัด (ท่าสาป)","กีน","ใบสั่งซื้อในเครือ","2205YB02GNHH1","","ครอบสันตะเข้ หห.เขียวประกายพฤกษ์","กระเบื้องมุงหลังคา","ห้าห่วง","01 NK","NK เคหะภัณฑ์","15F","แผนก กระเบื้องหลังคา","01","แผ่น","44","HKV6902-1250 ณัฐธกร /จัดส่ง/หาพี่ดาริณ ค่ะ","1","44","15F","แผนก กระเบื้องหลังคา","รับแล้ว",,"9/2/2026 10:30:15"
"0","สำนักงานใหญ่","BFV6902-0238","9/2/2026","บริษัท ยะลานำรุ่ง จำกัด (ท่าสาป)","กีน","ใบสั่งซื้อในเครือ","2504HRB8XXX10","","ขอกระเบื้องสีรุ้ง-แปไม้ 8"" บาง (500ตัว) (13kg.)","วัสดุก่อสร้างเบ็ดเตล็ด",,"01 NK","NK เคหะภัณฑ์","15D","แผนก PVC","01","ห่อ","1","HKV6902-1250 ณัฐธกร /จัดส่ง/หาพี่ดาริณ ค่ะ","1","1","15D","แผนก PVC","รับแล้ว",,"9/2/2026 13:17:05"
"0","สำนักงานใหญ่","BFV6902-0240","9/2/2026","บริษัท ยะลานำรุ่ง จำกัด (ท่าสาป)","ฟาง","ใบสั่งซื้อในเครือ","8851100000016","","ปูนซีเมนต์ อินทรีแดง","ปูน","ปูนอินทรี","01 NK","NK เคหะภัณฑ์","15E","แผนก ปูน","01","ถุง","10","NKV6902-0562/จัดส่ง/เบิก ท่าสาป/หา ฮากิม","1","10","15E","แผนก ปูน",,,"9/2/2026 10:04:37"
"0","สำนักงานใหญ่","BFV6902-0243","9/2/2026","บริษัท ยะลานำรุ่ง จำกัด (ท่าสาป)","ปลา","ใบสั่งซื้อในเครือ","8859111700291","","กระเบื้องลอนคู่ ห้าห่วง 4 5มม. ขาวซีเมนต์","กระเบื้องมุงหลังคา","ห้าห่วง","01 NK","NK เคหะภัณฑ์","15F","แผนก กระเบื้องหลังคา","01","แผ่น","99","HKV6902-1263/จัดส่ง/หา..พี่เพ็ญ //สมชาย โต๊ะเตบ","0","0","15F","แผนก กระเบื้องหลังคา","รับแล้ว",,"9/2/2026 10:49:35"
"0","สำนักงานใหญ่","BFV6902-0249","9/2/2026","บริษัท ยะลานำรุ่ง จำกัด (ท่าสาป)","กีน","ใบสั่งซื้อในเครือ","1103I2020XX20","","ท่อเหลี่ยม GI 2""x2.0 มม. (เขียว) (16.50+/-)","เหล็กรูป",,"01 NK","NK เคหะภัณฑ์","15C","แผนก เหล็กรูป","01","เส้น","2","HKV6902-1275 พี่กีน /รับเอง/หาแม่ตือ /แบเฮง ค่ะ","1","2","15C","แผนก เหล็กรูป","รับแล้ว",,"9/2/2026 13:38:16"
"0","สำนักงานใหญ่","BFV6902-0249","9/2/2026","บริษัท ยะลานำรุ่ง จำกัด (ท่าสาป)","กีน","ใบสั่งซื้อในเครือ","8851100001020","","ปูนฉาบอิฐทั่วไป อินทรีมอร์ตาร์ #11 (50กก.)","ปูน","ปูนอินทรี","01 NK","NK เคหะภัณฑ์","15E","แผนก ปูน","01","ถุง","7","HKV6902-1275 พี่กีน /รับเอง/หาแม่ตือ /แบเฮง ค่ะ","1","7","15E","แผนก ปูน",,,"9/2/2026 10:39:39"
"0","สำนักงานใหญ่","BFV6902-0251","9/2/2026","บริษัท ยะลานำรุ่ง จำกัด (ท่าสาป)","เบียร์","ใบสั่งซื้อในเครือ","150103SR24A10","","เหล็กเส้นกลม 9 มม SR-24 (4.99กก/โรงใหญ่ 10เมตร)  (3/8) (200-300เส้น/มัด)","เหล็กเส้นก่อสร้าง",,"01 NK","NK เคหะภัณฑ์","15B","แผนก เหล็กเส้น","01","เส้น","30","NKV6902-0577/ไชยหมาน/หาพี่บ่าว/รับเอง/ปริ้น ทส","1","30","15B","แผนก เหล็กเส้น","รับแล้ว",,"9/2/2026 11:06:41"
"0","สำนักงานใหญ่","BFV6902-0252","9/2/2026","บริษัท ยะลานำรุ่ง จำกัด (ท่าสาป)","สุวรรณีย์ (แคช)","ใบสั่งซื้อในเครือ","8851100000016","","ปูนซีเมนต์ อินทรีแดง","ปูน","ปูนอินทรี","01 NK","NK เคหะภัณฑ์","15E","แผนก ปูน","02","ถุง","50","เบิกวางขาย//แจ้งพี่ดาแล้วค่ะ","1","50","15E","แผนก ปูน",,,"9/2/2026 13:02:49"
